read_date,user_uuid,category,journalist_id,language,length,country,subscription_date,platform,article_id,stars
19-2-2022,190,sport,117,fr,long,fr,28-6-2021,tablet,331708,2
25-2-2021,243,art,117,it,short,it,24-8-2020,tablet,5128,3
19-12-2023,36,weather,115,en,long,uk,7-2-2021,tablet,733403,5
27-3-2023,162,finance,111,it,short,it,6-9-2022,tablet,612638,1
22-10-2023,181,economy,119,fr,short,fr,9-12-2020,tablet,211458,3
8-2-2023,163,art,120,fr,long,fr,28-11-2022,tablet,531439,4
18-2-2022,170,finance,122,it,short,it,7-10-2021,mobile,612187,1
18-9-2023,221,weather,110,en,medium,uk,25-4-2021,tablet,723993,5
5-9-2023,208,finance,117,en,medium,uk,20-11-2022,tablet,623177,2
20-7-2023,219,finance,116,it,short,it,24-12-2021,pc,6123,2
21-5-2023,206,weather,111,en,medium,uk,7-11-2020,pc,723610,4
13-8-2023,90,sport,113,it,medium,it,13-3-2022,tablet,32252,2
11-5-2023,15,weather,107,en,long,uk,13-5-2022,pc,733412,2
8-7-2021,157,weather,111,it,long,it,12-2-2020,tablet,732766,5
26-7-2023,12,lifestyle,116,it,short,it,21-8-2022,mobile,112510,3
2-3-2023,31,finance,117,it,medium,it,7-9-2022,tablet,622848,1
24-10-2023,194,news,115,it,short,it,21-8-2021,mobile,612855,2
10-5-2022,71,finance,104,it,long,it,10-5-2021,tablet,632401,1
17-4-2021,181,sport,114,en,short,uk,9-12-2020,pc,313130,1
17-9-2023,242,finance,115,fr,long,fr,6-10-2021,tablet,631847,1
26-8-2022,50,weather,106,en,short,uk,18-2-2021,pc,713623,3
8-4-2023,105,news,105,en,long,uk,25-1-2022,mobile,633862,2
1-3-2023,157,weather,109,fr,short,fr,12-2-2020,tablet,711175,3
21-11-2023,237,economy,103,fr,long,fr,23-3-2022,tablet,231516,1
13-3-2023,96,art,102,en,long,uk,3-12-2020,pc,5333,4
26-3-2022,157,lifestyle,103,en,medium,uk,12-2-2020,pc,123924,5
8-11-2023,86,weather,121,it,medium,it,14-11-2022,tablet,722711,2
22-9-2022,14,lifestyle,112,it,long,it,14-1-2021,tablet,132589,1
20-6-2022,102,sport,104,en,medium,uk,10-5-2021,tablet,323731,2
5-8-2023,154,economy,110,en,long,uk,27-6-2022,pc,233287,5
1-2-2023,59,weather,101,fr,long,fr,25-6-2021,pc,731638,3
3-9-2023,139,finance,122,en,short,uk,28-3-2020,mobile,613114,1
24-10-2023,105,sport,117,it,medium,it,25-1-2022,mobile,32288,3
14-7-2023,128,economy,120,fr,long,fr,26-1-2021,mobile,231707,4
27-9-2023,75,sport,119,fr,long,fr,20-7-2021,tablet,331144,2
14-8-2023,6,weather,112,en,long,uk,14-9-2020,tablet,733764,5
26-3-2023,131,weather,111,en,long,uk,26-3-2022,mobile,733527,3
5-2-2023,86,weather,119,it,medium,it,14-11-2022,tablet,722863,4
12-5-2022,85,sport,119,it,medium,it,28-3-2020,pc,322888,1
14-6-2023,28,sport,104,it,short,it,1-6-2022,tablet,312161,1
28-11-2022,205,economy,117,it,long,it,22-1-2021,tablet,23237,4
20-3-2023,22,weather,122,it,short,it,25-1-2022,pc,712243,2
3-5-2023,142,weather,105,it,long,it,20-5-2022,tablet,732667,3
12-1-2023,216,lifestyle,101,en,short,uk,8-10-2021,tablet,113178,5
16-11-2022,173,economy,113,en,medium,uk,12-12-2021,pc,223181,1
12-7-2023,143,finance,102,it,short,it,22-5-2022,pc,612396,2
1-4-2022,224,sport,112,en,long,uk,4-6-2020,tablet,333965,4
4-8-2022,153,economy,109,fr,medium,fr,14-6-2020,pc,221256,1
13-11-2022,115,sport,109,it,long,it,8-1-2020,mobile,332605,2
2-2-2023,211,sport,107,it,medium,it,17-10-2021,tablet,322289,2
27-9-2023,25,finance,114,it,long,it,28-10-2021,mobile,63295,2
11-7-2022,123,art,103,fr,short,fr,19-9-2021,tablet,511794,3
13-11-2023,157,finance,107,en,medium,uk,12-2-2020,mobile,623801,4
3-12-2023,26,sport,105,fr,short,fr,20-7-2021,pc,311354,1
19-3-2023,134,weather,122,fr,long,fr,20-11-2022,pc,731609,4
10-8-2022,226,art,112,fr,long,fr,4-10-2020,tablet,531592,4
25-6-2022,44,economy,107,fr,medium,fr,9-12-2020,tablet,221104,2
24-5-2022,140,lifestyle,102,it,short,it,3-10-2021,tablet,11255,3
1-11-2023,162,news,111,en,medium,uk,6-9-2022,pc,623283,4
8-7-2023,21,weather,114,fr,short,fr,11-7-2021,pc,711103,5
3-5-2023,174,sport,122,it,medium,it,12-2-2022,mobile,322214,5
21-7-2023,59,economy,106,fr,medium,fr,25-6-2021,tablet,221442,1
1-2-2023,172,lifestyle,121,fr,short,fr,22-4-2020,pc,111237,3
20-7-2023,8,weather,122,it,short,it,23-4-2022,pc,71233,5
26-4-2023,14,lifestyle,113,it,short,it,14-1-2021,tablet,11218,2
22-3-2023,237,finance,120,en,long,uk,23-3-2022,pc,633207,4
6-4-2022,89,art,118,it,long,it,2-1-2020,tablet,532729,3
17-11-2021,138,finance,111,it,short,it,6-4-2020,pc,612403,3
4-10-2021,94,news,103,it,long,it,24-3-2020,pc,632117,5
9-11-2023,4,finance,104,it,short,it,10-5-2022,pc,612238,1
5-7-2023,184,finance,103,it,long,it,11-8-2022,tablet,632698,1
24-12-2022,71,weather,117,en,long,uk,10-5-2021,pc,733751,3
16-7-2023,238,weather,111,it,long,it,16-9-2020,pc,732283,1
22-12-2023,196,weather,101,en,long,uk,4-6-2022,tablet,733494,2
21-7-2022,18,sport,113,en,short,uk,14-12-2021,pc,313420,4
24-3-2023,201,sport,101,fr,long,fr,25-11-2022,tablet,331602,5
4-2-2022,181,weather,122,fr,short,fr,9-12-2020,mobile,711982,3
14-5-2023,133,art,122,it,medium,it,19-7-2022,mobile,522330,2
3-9-2023,241,weather,111,en,medium,uk,11-5-2022,tablet,723532,1
18-3-2023,195,weather,117,it,long,it,9-12-2022,mobile,732651,1
14-1-2022,212,economy,112,en,short,uk,27-2-2020,pc,213241,3
24-3-2022,78,economy,119,it,medium,it,24-2-2021,mobile,22256,2
15-3-2022,138,art,102,it,medium,it,6-4-2020,mobile,522231,1
22-1-2022,24,weather,112,it,short,it,9-9-2020,mobile,712396,4
1-6-2022,40,finance,119,en,long,uk,8-9-2021,tablet,633378,5
7-8-2022,149,weather,101,fr,medium,fr,11-5-2020,pc,721610,2
4-9-2023,213,sport,100,it,short,it,24-9-2021,tablet,312674,3
28-6-2023,19,weather,116,it,medium,it,12-4-2020,pc,72285,3
25-6-2023,95,weather,111,fr,short,fr,10-3-2022,tablet,711542,2
9-8-2022,19,weather,101,fr,short,fr,12-4-2020,pc,711699,4
27-7-2021,69,finance,106,it,medium,it,23-8-2020,tablet,622487,4
24-7-2023,237,finance,109,it,long,it,23-3-2022,tablet,632945,4
1-7-2021,98,weather,103,it,long,it,26-9-2020,mobile,732585,5
1-7-2023,210,finance,107,fr,short,fr,24-9-2022,pc,611674,2
15-3-2022,42,economy,106,en,long,uk,6-3-2021,tablet,233810,3
25-11-2022,26,sport,118,en,long,uk,20-7-2021,tablet,333585,1
7-12-2023,188,finance,100,en,long,uk,13-6-2022,pc,633510,4
1-5-2023,210,art,105,it,long,it,24-9-2022,pc,532701,1
28-4-2023,6,weather,101,fr,long,fr,14-9-2020,tablet,731486,2
3-4-2023,166,news,113,it,short,it,22-7-2021,tablet,612409,5
9-7-2021,138,economy,108,fr,short,fr,6-4-2020,pc,211653,2
7-11-2022,17,news,109,it,short,it,2-7-2021,mobile,612483,1
5-6-2022,186,finance,104,it,short,it,12-8-2020,mobile,612856,2
15-6-2023,231,lifestyle,104,fr,medium,fr,3-1-2022,pc,121599,3
19-9-2023,28,sport,102,it,long,it,1-6-2022,tablet,332749,5
8-7-2023,241,weather,101,it,long,it,11-5-2022,tablet,732939,1
16-12-2023,219,news,106,it,long,it,24-12-2021,pc,632102,2
10-4-2023,200,weather,109,en,short,uk,24-3-2022,pc,713958,4
17-1-2023,195,sport,100,fr,long,fr,9-12-2022,tablet,331309,3
16-8-2023,79,lifestyle,107,en,short,uk,12-12-2020,pc,113719,4
8-8-2022,38,finance,119,it,long,it,2-1-2021,pc,632253,1
28-8-2023,183,economy,112,en,long,uk,20-8-2021,mobile,233490,4
6-9-2023,117,finance,111,it,long,it,13-7-2020,tablet,6322,2
3-5-2022,93,economy,112,it,medium,it,4-7-2021,pc,222402,4
21-4-2023,72,sport,114,en,short,uk,12-10-2022,tablet,313765,3
10-2-2022,140,weather,114,fr,short,fr,3-10-2021,tablet,711107,5
24-10-2023,163,weather,106,it,short,it,28-11-2022,mobile,712337,2
4-10-2023,31,weather,104,it,medium,it,7-9-2022,pc,722525,1
26-8-2023,51,weather,107,it,long,it,9-7-2022,tablet,73243,4
12-9-2022,218,weather,103,it,medium,it,16-2-2021,tablet,722248,1
19-11-2023,95,lifestyle,108,it,short,it,10-3-2022,tablet,112535,5
26-1-2023,23,weather,120,en,medium,uk,20-9-2021,mobile,723371,3
15-5-2023,221,weather,109,it,long,it,25-4-2021,mobile,732430,3
5-2-2022,9,art,107,en,short,uk,21-3-2021,pc,513517,4
3-6-2023,132,weather,118,en,long,uk,25-7-2022,tablet,733349,1
1-2-2023,201,economy,102,fr,long,fr,25-11-2022,pc,231525,4
11-4-2023,106,sport,111,en,long,uk,23-12-2022,pc,333924,1
23-4-2023,99,sport,106,it,short,it,20-1-2022,pc,312698,4
24-7-2023,168,news,102,fr,medium,fr,15-10-2022,tablet,621570,4
26-12-2023,49,sport,104,fr,short,fr,24-10-2020,pc,311839,4
25-12-2022,204,finance,102,it,medium,it,27-7-2021,pc,622344,4
22-4-2023,81,finance,104,en,medium,uk,23-8-2022,pc,623586,1
25-10-2023,105,finance,105,en,long,uk,25-1-2022,mobile,63365,5
20-3-2022,187,finance,102,fr,long,fr,3-5-2020,mobile,631328,3
13-5-2021,206,economy,110,en,long,uk,7-11-2020,tablet,233755,2
27-10-2021,6,economy,118,en,long,uk,14-9-2020,tablet,233155,1
13-9-2022,209,sport,113,it,long,it,6-7-2020,mobile,332525,2
24-2-2021,55,sport,117,en,medium,uk,28-11-2020,tablet,323950,2
10-11-2023,109,finance,102,it,short,it,8-8-2022,mobile,612703,2
14-6-2022,123,sport,109,it,long,it,19-9-2021,tablet,332489,1
21-11-2022,37,finance,105,it,long,it,4-9-2021,pc,632523,3
14-11-2023,32,weather,108,en,long,uk,7-3-2022,pc,733929,3
6-4-2022,102,weather,101,en,long,uk,10-5-2021,pc,733206,5
28-9-2022,121,sport,120,it,long,it,3-11-2020,tablet,332789,3
17-9-2022,49,weather,110,it,long,it,24-10-2020,mobile,73297,2
3-2-2022,144,sport,106,fr,short,fr,13-4-2020,mobile,311527,3
22-8-2023,124,sport,110,it,long,it,14-9-2022,tablet,332539,4
7-9-2022,115,finance,120,it,short,it,8-1-2020,tablet,612484,5
14-6-2022,175,finance,112,fr,medium,fr,27-2-2021,tablet,621847,1
18-2-2023,94,weather,101,en,long,uk,24-3-2020,tablet,733682,3
17-8-2023,108,economy,113,en,short,uk,8-12-2021,tablet,213516,5
2-12-2023,3,weather,118,it,medium,it,22-7-2020,mobile,722170,3
20-6-2021,145,finance,111,en,long,uk,13-1-2020,mobile,633437,5
24-9-2022,166,economy,112,en,long,uk,22-7-2021,pc,233978,3
21-11-2022,159,weather,108,fr,short,fr,21-6-2021,pc,711401,5
9-7-2023,114,sport,108,en,medium,uk,8-7-2022,mobile,323637,1
3-9-2022,80,lifestyle,114,it,long,it,7-7-2021,tablet,132470,2
21-5-2023,169,news,101,en,short,uk,16-6-2021,pc,613775,5
26-1-2023,101,news,101,fr,long,fr,6-5-2021,tablet,631561,4
21-10-2023,215,weather,108,en,short,uk,5-5-2022,tablet,713749,2
3-7-2023,135,weather,107,it,long,it,16-8-2021,pc,732958,1
13-8-2022,118,lifestyle,110,en,long,uk,27-4-2021,tablet,133131,5
10-7-2023,90,weather,107,it,medium,it,13-3-2022,tablet,722678,2
22-9-2022,181,economy,115,fr,long,fr,9-12-2020,pc,231299,5
23-9-2022,102,lifestyle,113,it,long,it,10-5-2021,tablet,132960,3
3-3-2023,208,sport,114,en,medium,uk,20-11-2022,tablet,323379,4
5-12-2023,51,news,111,fr,long,fr,9-7-2022,mobile,631695,3
10-4-2023,185,weather,115,fr,long,fr,21-10-2020,tablet,731249,5
18-6-2023,231,sport,105,it,short,it,3-1-2022,mobile,312533,5
9-2-2022,7,weather,108,it,short,it,1-9-2021,tablet,712804,5
23-10-2023,241,news,108,it,long,it,11-5-2022,tablet,632630,5
24-9-2023,126,news,116,en,long,uk,2-3-2022,tablet,633973,1
8-6-2023,134,news,122,it,short,it,20-11-2022,tablet,612842,2
9-10-2023,131,weather,103,en,long,uk,26-3-2022,mobile,733906,3
14-5-2023,188,weather,116,en,long,uk,13-6-2022,tablet,73373,4
25-8-2023,28,news,114,fr,long,fr,1-6-2022,tablet,631209,2
25-5-2022,146,economy,104,it,medium,it,26-4-2020,tablet,22299,2
13-8-2022,232,economy,110,fr,long,fr,25-6-2021,tablet,231165,2
15-8-2023,64,weather,114,it,short,it,4-11-2022,mobile,712487,1
12-12-2023,106,weather,119,fr,long,fr,23-12-2022,pc,731413,1
10-11-2023,45,sport,104,it,long,it,16-10-2022,tablet,33261,1
14-4-2023,222,news,122,en,medium,uk,5-5-2021,mobile,62334,5
7-1-2022,108,lifestyle,100,it,medium,it,8-12-2021,tablet,122395,5
16-3-2022,189,finance,113,it,long,it,5-6-2021,tablet,632174,4
9-2-2023,126,sport,115,it,long,it,2-3-2022,mobile,332948,1
18-4-2022,226,sport,104,en,medium,uk,4-10-2020,tablet,323161,3
22-6-2023,174,finance,120,en,short,uk,12-2-2022,pc,613155,5
24-10-2022,226,weather,104,it,long,it,4-10-2020,mobile,73282,4
27-10-2023,141,sport,112,it,short,it,23-5-2021,tablet,312980,4
6-12-2021,209,sport,102,it,long,it,6-7-2020,mobile,332441,1
3-2-2023,177,weather,104,it,long,it,17-3-2022,mobile,732307,5
1-8-2021,146,finance,104,it,long,it,26-4-2020,mobile,632262,5
11-6-2022,147,art,107,en,medium,uk,21-2-2021,tablet,523222,4
28-2-2023,227,sport,122,it,medium,it,17-2-2022,tablet,322599,5
14-8-2022,169,sport,120,en,long,uk,16-6-2021,pc,333411,2
16-10-2023,84,news,110,fr,medium,fr,9-6-2020,pc,621327,5
12-11-2022,76,sport,121,en,medium,uk,14-5-2020,tablet,32352,1
12-3-2022,123,finance,115,it,long,it,19-9-2021,tablet,632422,4
14-3-2022,34,sport,105,fr,short,fr,10-12-2020,mobile,311890,1
12-11-2023,187,finance,113,en,short,uk,3-5-2020,mobile,613101,3
18-5-2023,239,news,115,fr,short,fr,4-2-2020,tablet,611367,3
24-7-2021,94,economy,118,en,medium,uk,24-3-2020,mobile,223652,1
10-6-2023,208,economy,120,it,long,it,20-11-2022,mobile,232622,3
21-12-2023,188,sport,119,it,short,it,13-6-2022,tablet,312886,2
10-2-2023,72,finance,110,en,short,uk,12-10-2022,tablet,613579,5
17-7-2022,170,finance,117,it,long,it,7-10-2021,mobile,632803,4
8-3-2021,94,art,106,en,short,uk,24-3-2020,tablet,513957,3
20-1-2023,45,economy,122,it,long,it,16-10-2022,tablet,232372,3
26-10-2023,85,weather,106,fr,medium,fr,28-3-2020,pc,721592,3
21-12-2022,186,economy,112,en,medium,uk,12-8-2020,mobile,223853,4
13-2-2023,132,sport,101,it,long,it,25-7-2022,tablet,332357,3
10-10-2023,182,economy,117,it,medium,it,14-3-2020,pc,222593,5
2-9-2023,40,sport,113,it,short,it,8-9-2021,tablet,312173,3
16-1-2023,131,sport,115,it,long,it,26-3-2022,pc,332840,2
24-5-2023,10,weather,106,en,short,uk,5-8-2022,tablet,713116,1
7-1-2022,225,weather,115,it,long,it,25-12-2020,tablet,732446,1
20-6-2023,13,sport,110,fr,short,fr,22-5-2022,mobile,311575,4
27-5-2023,40,weather,110,it,short,it,8-9-2021,tablet,712881,5
9-1-2021,53,lifestyle,114,it,short,it,8-10-2020,pc,112451,2
24-2-2022,108,weather,110,en,short,uk,8-12-2021,tablet,713382,1
5-7-2022,103,weather,109,en,long,uk,25-3-2020,mobile,733844,4
7-8-2023,82,weather,111,it,medium,it,21-1-2022,pc,72228,1
12-12-2023,109,weather,103,it,long,it,8-8-2022,tablet,732800,1
25-9-2023,193,sport,106,en,long,uk,14-11-2021,pc,333855,3
14-9-2023,163,sport,112,en,short,uk,28-11-2022,pc,313955,5
2-4-2023,237,weather,107,it,short,it,23-3-2022,tablet,712682,4
14-5-2023,8,sport,107,it,short,it,23-4-2022,mobile,312361,3
25-6-2023,243,weather,100,it,short,it,24-8-2020,tablet,712970,2
17-7-2023,193,weather,106,it,long,it,14-11-2021,pc,732839,5
4-12-2023,109,news,118,en,short,uk,8-8-2022,pc,613985,3
3-7-2023,142,economy,105,en,long,uk,20-5-2022,tablet,233717,1
23-3-2023,100,news,100,fr,long,fr,2-2-2022,tablet,631589,2
28-10-2023,73,news,100,fr,long,fr,14-11-2020,pc,631371,2
16-9-2023,142,finance,100,fr,long,fr,20-5-2022,pc,631728,2
15-4-2023,244,news,100,en,long,uk,25-5-2021,tablet,633904,4
2-1-2023,233,sport,107,fr,long,fr,11-6-2021,mobile,331822,4
22-9-2023,142,weather,121,en,short,uk,20-5-2022,tablet,713631,5
25-2-2022,194,finance,112,fr,short,fr,21-8-2021,mobile,611847,3
23-10-2023,4,weather,117,en,long,uk,10-5-2022,tablet,733450,2
1-4-2023,101,weather,112,it,long,it,6-5-2021,pc,732444,1
5-2-2023,6,finance,115,it,long,it,14-9-2020,tablet,63265,3
25-1-2023,193,economy,115,it,short,it,14-11-2021,mobile,212468,4
8-1-2022,135,weather,121,en,long,uk,16-8-2021,tablet,733687,3
1-3-2023,44,news,107,en,long,uk,9-12-2020,tablet,633267,4
21-7-2023,22,lifestyle,117,en,long,uk,25-1-2022,pc,133714,2
26-5-2023,57,finance,120,fr,short,fr,11-7-2020,pc,611851,4
12-7-2022,66,finance,108,en,short,uk,19-3-2020,pc,613130,4
4-4-2022,144,weather,108,it,short,it,13-4-2020,pc,712928,4
5-11-2022,14,sport,117,it,long,it,14-1-2021,tablet,332335,1
7-6-2022,98,finance,101,fr,short,fr,26-9-2020,pc,611266,5
6-2-2023,93,sport,117,en,medium,uk,4-7-2021,tablet,323835,2
20-10-2023,140,art,113,en,long,uk,3-10-2021,mobile,533864,4
19-1-2023,63,sport,115,fr,long,fr,27-2-2020,tablet,33177,3
28-11-2023,228,sport,114,fr,long,fr,23-5-2022,pc,33121,3
22-11-2023,41,lifestyle,114,fr,long,fr,1-8-2021,tablet,131416,5
4-2-2023,35,weather,107,en,medium,uk,19-7-2022,pc,723444,3
16-9-2023,135,economy,112,fr,long,fr,16-8-2021,tablet,231328,2
13-12-2023,5,news,117,fr,medium,fr,25-1-2022,tablet,621389,3
7-4-2023,179,finance,112,it,long,it,13-4-2022,mobile,632840,1
23-2-2023,99,weather,114,en,short,uk,20-1-2022,tablet,713408,3
17-9-2021,39,lifestyle,110,it,long,it,3-8-2020,pc,132524,3
23-8-2023,90,sport,103,it,long,it,13-3-2022,tablet,332148,3
3-12-2023,2,weather,111,it,long,it,6-1-2022,tablet,732230,4
12-11-2023,99,news,119,fr,short,fr,20-1-2022,pc,611753,5
19-4-2023,52,sport,103,en,medium,uk,15-3-2022,mobile,323974,4
25-9-2021,60,sport,101,en,long,uk,10-11-2020,pc,333824,1
1-8-2023,179,weather,102,en,long,uk,13-4-2022,tablet,733605,5
13-12-2021,76,lifestyle,122,en,long,uk,14-5-2020,mobile,133165,5
11-8-2021,19,weather,112,it,long,it,12-4-2020,tablet,732220,2
3-6-2022,193,weather,118,it,long,it,14-11-2021,pc,732467,1
13-10-2023,160,art,112,fr,short,fr,1-1-2021,pc,511951,4
13-9-2022,147,weather,109,it,long,it,21-2-2021,tablet,732955,5
17-11-2022,18,sport,106,it,long,it,14-12-2021,pc,33259,2
18-6-2023,147,weather,118,fr,long,fr,21-2-2021,mobile,7311000,3
17-7-2022,80,economy,107,fr,short,fr,7-7-2021,mobile,21124,1
10-3-2022,19,sport,121,it,short,it,12-4-2020,tablet,312201,1
4-8-2022,40,weather,122,it,long,it,8-9-2021,tablet,732108,3
2-8-2023,22,lifestyle,109,it,long,it,25-1-2022,mobile,132740,5
4-9-2021,202,news,122,en,long,uk,4-2-2020,tablet,63327,1
23-5-2023,131,finance,102,en,short,uk,26-3-2022,tablet,613455,1
6-12-2023,31,weather,103,it,long,it,7-9-2022,mobile,732716,3
23-3-2022,240,news,115,en,long,uk,15-1-2021,tablet,633696,4
22-4-2023,208,sport,100,fr,long,fr,20-11-2022,mobile,331682,2
27-11-2022,183,economy,116,fr,short,fr,20-8-2021,pc,211945,4
14-11-2023,240,weather,117,en,short,uk,15-1-2021,tablet,713105,3
19-4-2023,122,weather,110,en,medium,uk,17-12-2022,pc,723634,4
28-3-2021,66,weather,104,fr,short,fr,19-3-2020,tablet,711216,4
13-5-2023,86,sport,119,fr,short,fr,14-11-2022,mobile,311691,5
21-2-2023,157,weather,103,it,medium,it,12-2-2020,mobile,722851,4
2-1-2023,114,economy,105,it,short,it,8-7-2022,tablet,212698,1
26-7-2022,107,sport,107,en,long,uk,14-11-2020,tablet,333502,3
13-8-2023,210,economy,118,en,short,uk,24-9-2022,tablet,213307,1
10-1-2022,101,finance,114,it,long,it,6-5-2021,tablet,632202,4
28-12-2023,144,sport,110,it,short,it,13-4-2020,tablet,312601,5
8-11-2023,128,sport,109,fr,short,fr,26-1-2021,pc,311907,3
13-7-2023,167,finance,114,it,medium,it,27-9-2022,mobile,622568,1
13-10-2022,92,news,109,fr,long,fr,24-10-2021,tablet,631275,2
21-7-2022,166,weather,110,fr,short,fr,22-7-2021,mobile,711996,2
3-3-2023,176,sport,118,en,short,uk,7-1-2021,mobile,313415,5
12-8-2022,159,news,109,en,long,uk,21-6-2021,mobile,6332,3
12-10-2021,185,news,114,it,long,it,21-10-2020,tablet,632880,5
13-10-2023,90,news,116,fr,short,fr,13-3-2022,pc,611663,3
25-8-2022,108,art,121,en,short,uk,8-12-2021,tablet,513232,2
27-6-2023,192,sport,118,fr,medium,fr,1-5-2020,tablet,321873,2
26-3-2023,9,art,122,it,long,it,21-3-2021,tablet,532559,4
21-1-2023,47,weather,121,fr,short,fr,10-8-2022,pc,711584,4
8-11-2022,121,news,103,it,short,it,3-11-2020,tablet,612403,5
12-11-2023,157,economy,119,it,short,it,12-2-2020,tablet,212923,5
6-10-2023,239,sport,102,en,short,uk,4-2-2020,tablet,313472,4
7-10-2022,149,weather,101,it,long,it,11-5-2020,tablet,732793,1
5-10-2021,192,sport,104,fr,short,fr,1-5-2020,pc,311926,2
12-11-2023,154,sport,113,en,short,uk,27-6-2022,tablet,313141,4
11-12-2022,161,sport,119,it,long,it,23-10-2021,tablet,332883,1
1-12-2023,134,finance,122,it,short,it,20-11-2022,pc,612149,3
2-8-2023,90,weather,120,en,long,uk,13-3-2022,pc,733478,3
12-1-2023,233,finance,116,en,long,uk,11-6-2021,pc,633679,4
10-5-2022,102,weather,112,en,short,uk,10-5-2021,tablet,713380,1
7-10-2022,147,weather,119,it,long,it,21-2-2021,pc,732807,3
2-6-2021,110,weather,110,it,medium,it,6-1-2020,pc,722139,4
12-9-2021,223,weather,104,it,medium,it,1-12-2020,pc,722706,2
5-9-2023,188,weather,122,it,medium,it,13-6-2022,tablet,722397,5
21-1-2022,219,lifestyle,122,fr,long,fr,24-12-2021,pc,131218,1
8-3-2022,135,weather,113,en,medium,uk,16-8-2021,mobile,723441,2
6-8-2023,35,weather,111,it,medium,it,19-7-2022,mobile,722671,1
20-6-2023,114,finance,121,it,long,it,8-7-2022,tablet,632276,2
15-6-2022,229,art,111,it,long,it,24-4-2021,tablet,532957,3
26-3-2022,44,weather,118,it,short,it,9-12-2020,tablet,712659,4
3-8-2021,115,finance,115,en,medium,uk,8-1-2020,pc,623947,1
1-7-2023,122,weather,113,it,long,it,17-12-2022,tablet,732873,5
6-5-2023,100,news,100,en,long,uk,2-2-2022,pc,633539,2
23-10-2021,60,finance,105,it,short,it,10-11-2020,mobile,612498,2
4-7-2023,143,finance,121,it,long,it,22-5-2022,mobile,632299,3
14-9-2022,238,sport,106,it,short,it,16-9-2020,tablet,312698,4
4-9-2023,38,weather,106,it,long,it,2-1-2021,mobile,732628,2
8-11-2022,207,lifestyle,111,it,short,it,11-1-2020,tablet,112255,3
18-1-2023,163,sport,109,en,long,uk,28-11-2022,tablet,333937,4
4-2-2023,13,weather,117,it,short,it,22-5-2022,mobile,712645,4
8-3-2023,216,finance,114,it,long,it,8-10-2021,pc,632774,4
20-10-2023,95,art,107,it,long,it,10-3-2022,mobile,53267,5
10-4-2022,135,weather,121,it,long,it,16-8-2021,pc,732193,3
26-10-2023,99,sport,119,it,long,it,20-1-2022,tablet,332668,3
21-12-2022,60,news,111,fr,long,fr,10-11-2020,pc,631837,4
1-7-2022,147,sport,100,en,medium,uk,21-2-2021,tablet,32394,1
16-9-2023,139,sport,110,fr,short,fr,28-3-2020,tablet,31116,2
20-4-2023,36,sport,106,it,short,it,7-2-2021,tablet,312139,5
12-12-2023,50,economy,120,it,long,it,18-2-2021,tablet,232788,5
14-4-2022,158,news,100,en,short,uk,18-3-2020,tablet,613354,2
17-4-2023,142,finance,116,en,short,uk,20-5-2022,mobile,613547,1
22-4-2023,10,finance,116,fr,medium,fr,5-8-2022,tablet,621245,3
28-6-2023,72,sport,108,en,long,uk,12-10-2022,tablet,333454,4
18-11-2023,131,finance,117,it,long,it,26-3-2022,tablet,632438,5
16-11-2021,34,sport,101,en,long,uk,10-12-2020,pc,333997,2
24-7-2022,77,lifestyle,112,en,short,uk,1-6-2020,tablet,113475,2
9-6-2023,151,news,118,it,long,it,2-12-2020,tablet,63284,4
21-9-2022,222,sport,105,it,short,it,5-5-2021,mobile,312542,2
5-10-2022,189,weather,105,it,long,it,5-6-2021,tablet,732953,5
13-7-2022,172,sport,111,it,short,it,22-4-2020,pc,312141,3
16-1-2022,224,finance,114,en,short,uk,4-6-2020,pc,613307,3
13-4-2022,152,lifestyle,112,it,long,it,1-10-2021,tablet,13283,3
4-5-2023,168,weather,101,fr,short,fr,15-10-2022,tablet,71110,5
14-11-2023,62,sport,120,en,long,uk,3-9-2022,tablet,333950,4
26-8-2023,241,weather,119,it,long,it,11-5-2022,tablet,732195,3
19-10-2023,175,economy,120,it,long,it,27-2-2021,tablet,232653,1
23-4-2023,19,weather,108,en,long,uk,12-4-2020,tablet,733316,2
21-2-2023,200,art,106,it,short,it,24-3-2022,pc,512802,1
10-2-2022,46,economy,120,it,long,it,8-5-2021,pc,232619,4
22-1-2023,12,news,115,fr,short,fr,21-8-2022,tablet,611242,1
2-12-2023,66,news,117,fr,short,fr,19-3-2020,pc,611223,2
23-8-2023,148,weather,104,en,medium,uk,24-4-2021,tablet,723384,2
22-5-2023,100,weather,119,fr,short,fr,2-2-2022,tablet,71176,2
22-9-2023,82,weather,102,en,long,uk,21-1-2022,pc,733441,1
23-3-2021,187,news,112,it,long,it,3-5-2020,pc,632745,4
19-7-2023,189,weather,108,it,short,it,5-6-2021,mobile,712605,1
6-1-2021,39,lifestyle,107,it,long,it,3-8-2020,tablet,132431,5
8-12-2023,73,news,116,en,medium,uk,14-11-2020,tablet,623834,4
11-10-2023,215,art,122,it,medium,it,5-5-2022,tablet,522918,4
15-7-2023,183,weather,100,fr,long,fr,20-8-2021,tablet,731630,5
9-11-2023,236,weather,110,en,short,uk,19-5-2022,tablet,713803,1
7-9-2021,115,lifestyle,102,fr,medium,fr,8-1-2020,pc,121879,4
6-1-2023,145,weather,114,it,short,it,13-1-2020,mobile,712504,2
14-4-2022,229,news,101,en,long,uk,24-4-2021,tablet,63351,4
20-3-2023,64,art,107,en,short,uk,4-11-2022,pc,513958,3
8-11-2023,119,weather,101,it,long,it,25-8-2022,tablet,732380,1
23-3-2022,123,news,122,en,short,uk,19-9-2021,tablet,613666,5
11-4-2023,146,weather,122,it,medium,it,26-4-2020,pc,722746,4
18-10-2023,98,weather,112,it,long,it,26-9-2020,pc,732115,5
27-11-2023,178,sport,107,en,long,uk,15-6-2022,pc,33378,2
13-9-2023,103,news,113,en,long,uk,25-3-2020,pc,633410,3
24-3-2022,180,weather,115,it,long,it,8-2-2021,tablet,732108,1
15-8-2023,28,weather,108,fr,long,fr,1-6-2022,pc,73133,4
23-12-2023,217,weather,100,en,short,uk,7-2-2022,tablet,713968,3
23-1-2022,127,economy,105,it,long,it,26-5-2021,pc,232595,1
1-11-2023,115,sport,107,en,short,uk,8-1-2020,pc,313606,2
22-6-2023,13,weather,109,it,medium,it,22-5-2022,pc,722624,5
11-3-2023,99,sport,122,fr,long,fr,20-1-2022,pc,331724,5
10-7-2023,45,weather,113,en,long,uk,16-10-2022,pc,733275,1
3-1-2022,164,weather,118,en,long,uk,20-2-2021,tablet,733103,1
7-4-2023,151,weather,118,fr,long,fr,2-12-2020,pc,73182,2
4-8-2021,153,weather,101,en,short,uk,14-6-2020,mobile,713989,2
24-7-2023,217,weather,101,it,medium,it,7-2-2022,tablet,722975,3
14-5-2023,120,art,104,it,long,it,23-9-2021,tablet,532974,4
6-12-2022,77,finance,119,fr,medium,fr,1-6-2020,pc,621724,2
1-12-2023,61,weather,119,en,long,uk,9-8-2020,tablet,733358,4
17-6-2021,144,news,108,it,short,it,13-4-2020,pc,612262,5
20-8-2022,58,sport,102,it,medium,it,18-11-2021,pc,322791,1
24-8-2023,67,sport,115,it,short,it,1-10-2020,tablet,312295,3
12-9-2022,238,sport,100,fr,short,fr,16-9-2020,tablet,311611,2
8-8-2023,30,finance,100,it,short,it,23-1-2021,pc,612626,1
10-8-2023,15,sport,114,en,long,uk,13-5-2022,pc,333306,5
28-8-2023,106,sport,106,it,long,it,23-12-2022,tablet,332502,5
14-8-2023,28,weather,114,en,medium,uk,1-6-2022,pc,72389,2
25-12-2022,219,lifestyle,106,it,short,it,24-12-2021,tablet,112271,5
21-12-2022,1,sport,108,it,long,it,20-5-2021,pc,332513,4
14-7-2023,33,economy,120,en,short,uk,2-7-2022,pc,213920,5
4-4-2022,175,weather,101,it,long,it,27-2-2021,tablet,732185,1
27-9-2023,35,sport,101,en,long,uk,19-7-2022,tablet,333867,4
2-1-2023,113,weather,114,it,long,it,18-1-2021,mobile,732796,2
16-9-2023,115,art,112,en,short,uk,8-1-2020,mobile,513215,4
2-7-2022,197,lifestyle,103,it,long,it,8-8-2021,pc,132559,4
2-5-2022,152,weather,119,en,medium,uk,1-10-2021,mobile,723712,3
10-6-2022,102,finance,113,en,short,uk,10-5-2021,tablet,613582,4
9-9-2021,209,weather,116,it,long,it,6-7-2020,mobile,732865,1
17-7-2023,133,art,108,it,long,it,19-7-2022,tablet,53250,4
4-7-2023,70,weather,107,fr,long,fr,3-12-2021,tablet,73121,5
7-5-2022,135,economy,113,en,short,uk,16-8-2021,tablet,213441,5
27-9-2022,161,sport,103,fr,long,fr,23-10-2021,tablet,331119,2
26-11-2023,119,weather,101,it,long,it,25-8-2022,mobile,732262,4
7-4-2023,17,economy,118,it,long,it,2-7-2021,tablet,232282,4
23-10-2021,16,news,103,fr,short,fr,2-4-2020,tablet,611280,1
12-5-2022,171,weather,100,it,long,it,9-8-2021,mobile,73223,1
11-11-2023,109,sport,111,it,medium,it,8-8-2022,pc,322435,2
5-3-2023,50,economy,119,en,long,uk,18-2-2021,pc,233679,5
21-5-2023,18,weather,120,it,short,it,14-12-2021,tablet,712144,4
19-5-2022,139,lifestyle,113,en,long,uk,28-3-2020,tablet,133706,1
24-12-2022,102,weather,117,it,short,it,10-5-2021,tablet,712530,4
28-11-2022,7,finance,101,fr,medium,fr,1-9-2021,tablet,621611,3
3-2-2023,106,economy,122,en,short,uk,23-12-2022,mobile,213133,4
22-7-2023,130,news,115,it,medium,it,10-2-2021,pc,622996,4
26-8-2022,121,weather,113,it,long,it,3-11-2020,pc,732431,4
8-11-2023,100,weather,106,it,short,it,2-2-2022,mobile,712249,4
16-10-2023,51,sport,122,it,medium,it,9-7-2022,mobile,322126,4
17-2-2023,182,weather,119,it,long,it,14-3-2020,tablet,732653,1
13-7-2023,232,weather,103,it,short,it,25-6-2021,mobile,712777,1
11-9-2023,240,weather,109,fr,short,fr,15-1-2021,tablet,711879,5
14-4-2022,103,weather,100,it,short,it,25-3-2020,pc,712335,5
16-7-2023,20,weather,116,it,long,it,10-2-2020,tablet,732154,4
13-1-2022,145,weather,112,it,short,it,13-1-2020,mobile,712217,4
11-1-2023,164,finance,102,fr,long,fr,20-2-2021,tablet,631499,1
26-7-2023,42,news,111,it,long,it,6-3-2021,tablet,632157,3
1-7-2023,184,sport,115,fr,medium,fr,11-8-2022,pc,32130,4
8-12-2023,233,art,100,it,medium,it,11-6-2021,pc,522830,4
28-2-2023,178,sport,104,en,medium,uk,15-6-2022,mobile,323791,1
14-10-2023,33,weather,116,it,long,it,2-7-2022,pc,732486,3
23-9-2023,20,economy,108,it,short,it,10-2-2020,mobile,212193,3
16-8-2023,5,weather,109,en,long,uk,25-1-2022,tablet,73315,3
25-12-2022,136,sport,106,it,long,it,7-5-2021,tablet,33298,1
25-2-2023,34,weather,114,fr,short,fr,10-12-2020,tablet,711388,3
21-7-2023,198,economy,122,en,long,uk,4-7-2021,tablet,233570,3
7-2-2023,61,lifestyle,100,fr,long,fr,9-8-2020,mobile,131437,2
16-10-2023,68,news,113,en,short,uk,14-12-2020,mobile,613494,3
10-3-2022,181,art,121,it,long,it,9-12-2020,mobile,53222,1
18-5-2022,240,sport,110,it,long,it,15-1-2021,pc,332628,2
10-12-2022,205,weather,110,it,short,it,22-1-2021,tablet,712482,4
28-11-2022,187,lifestyle,112,it,medium,it,3-5-2020,pc,122385,3
4-10-2023,191,sport,119,it,medium,it,15-5-2021,pc,322796,4
21-7-2023,104,economy,103,it,medium,it,11-4-2022,tablet,22248,5
5-10-2022,147,economy,105,en,medium,uk,21-2-2021,tablet,223273,2
16-5-2022,83,sport,118,en,medium,uk,23-7-2020,pc,323321,3
26-2-2023,88,weather,113,it,long,it,12-11-2022,pc,732990,2
23-4-2023,104,weather,114,it,medium,it,11-4-2022,pc,722887,3
20-5-2023,121,weather,122,it,long,it,3-11-2020,mobile,732476,1
9-10-2022,23,weather,120,fr,medium,fr,20-9-2021,tablet,721867,3
26-2-2023,25,sport,117,en,long,uk,28-10-2021,tablet,333517,2
21-11-2023,177,weather,121,it,short,it,17-3-2022,pc,71272,2
28-8-2023,78,weather,122,en,long,uk,24-2-2021,mobile,73329,5
24-10-2023,199,sport,102,en,long,uk,27-7-2020,tablet,333466,2
21-9-2023,81,sport,111,fr,long,fr,23-8-2022,pc,33164,3
6-11-2023,162,weather,112,it,medium,it,6-9-2022,mobile,722938,4
1-2-2023,63,news,101,en,long,uk,27-2-2020,tablet,633428,3
20-12-2023,51,economy,121,fr,long,fr,9-7-2022,tablet,231160,5
23-1-2023,120,weather,102,en,long,uk,23-9-2021,pc,733576,4
15-6-2023,90,weather,110,fr,medium,fr,13-3-2022,pc,721846,1
21-4-2022,170,finance,116,it,medium,it,7-10-2021,tablet,622420,2
8-9-2023,27,sport,113,en,short,uk,12-1-2021,pc,313957,1
27-4-2022,75,news,101,it,short,it,20-7-2021,tablet,612942,4
26-8-2023,132,weather,104,it,short,it,25-7-2022,tablet,712625,3
8-7-2023,51,sport,102,en,long,uk,9-7-2022,pc,333758,1
4-8-2023,118,lifestyle,119,fr,medium,fr,27-4-2021,pc,121394,1
16-11-2023,18,art,100,it,short,it,14-12-2021,mobile,512796,4
18-5-2022,68,sport,110,it,short,it,14-12-2020,mobile,312680,4
11-11-2023,157,weather,118,it,medium,it,12-2-2020,pc,722197,4
15-7-2022,57,lifestyle,117,en,medium,uk,11-7-2020,pc,123538,4
21-7-2023,245,art,100,it,long,it,28-11-2022,mobile,532517,4
6-4-2023,195,weather,106,it,short,it,9-12-2022,tablet,712138,5
8-12-2023,245,economy,101,it,short,it,28-11-2022,pc,21258,1
17-12-2022,148,weather,112,fr,long,fr,24-4-2021,tablet,731289,2
19-2-2023,201,lifestyle,113,it,long,it,25-11-2022,tablet,132903,2
16-11-2023,140,economy,113,en,long,uk,3-10-2021,pc,233336,5
15-2-2023,79,news,101,it,long,it,12-12-2020,tablet,632480,5
8-2-2021,212,finance,120,it,short,it,27-2-2020,mobile,612318,2
14-11-2023,135,weather,100,it,medium,it,16-8-2021,tablet,722477,2
12-3-2023,194,weather,122,it,long,it,21-8-2021,pc,732284,2
5-8-2022,145,weather,114,en,medium,uk,13-1-2020,tablet,723978,5
13-9-2023,194,sport,104,it,short,it,21-8-2021,pc,312413,2
26-12-2023,8,news,104,it,long,it,23-4-2022,tablet,63283,4
16-2-2022,89,weather,120,fr,medium,fr,2-1-2020,pc,721468,1
24-7-2021,172,economy,111,it,short,it,22-4-2020,mobile,2129,4
17-6-2023,237,economy,110,it,short,it,23-3-2022,tablet,212316,2
15-1-2022,203,sport,109,it,long,it,28-3-2021,pc,332213,2
20-6-2023,221,economy,108,it,medium,it,25-4-2021,mobile,222506,4
7-8-2023,156,weather,114,it,medium,it,18-2-2022,tablet,72252,4
5-12-2023,172,finance,100,it,short,it,22-4-2020,pc,612345,2
5-3-2022,18,sport,112,it,short,it,14-12-2021,tablet,312535,3
27-4-2022,98,weather,108,it,long,it,26-9-2020,mobile,732745,3
3-4-2023,51,art,117,it,short,it,9-7-2022,tablet,512143,2
6-6-2022,148,lifestyle,113,it,short,it,24-4-2021,pc,112248,5
10-7-2022,41,weather,103,it,short,it,1-8-2021,mobile,712194,1
6-3-2022,38,finance,102,it,medium,it,2-1-2021,mobile,622798,1
23-2-2021,76,lifestyle,108,en,long,uk,14-5-2020,mobile,133883,2
27-1-2023,106,news,101,it,short,it,23-12-2022,pc,612744,2
22-6-2022,130,sport,104,fr,long,fr,10-2-2021,mobile,331764,2
7-7-2022,166,sport,119,en,short,uk,22-7-2021,tablet,313434,1
27-6-2022,243,economy,103,it,long,it,24-8-2020,tablet,232682,4
13-12-2023,2,art,116,it,long,it,6-1-2022,tablet,532180,5
10-1-2021,68,sport,113,en,medium,uk,14-12-2020,pc,323192,2
22-3-2022,234,weather,112,en,medium,uk,19-11-2021,pc,723968,3
15-1-2023,163,lifestyle,119,it,medium,it,28-11-2022,tablet,122434,1
15-11-2021,48,sport,105,it,short,it,21-10-2020,pc,312550,5
24-6-2023,46,lifestyle,103,fr,long,fr,8-5-2021,mobile,131650,5
19-3-2022,117,finance,118,it,medium,it,13-7-2020,pc,622500,2
19-2-2022,110,news,107,it,long,it,6-1-2020,mobile,632844,5
21-11-2022,27,weather,103,fr,medium,fr,12-1-2021,tablet,721904,4
20-3-2022,110,finance,112,en,long,uk,6-1-2020,pc,63313,2
4-1-2023,202,weather,120,en,long,uk,4-2-2020,tablet,733908,3
27-1-2023,207,sport,103,en,short,uk,11-1-2020,tablet,313352,3
25-3-2023,143,weather,112,it,medium,it,22-5-2022,tablet,722815,2
19-6-2023,108,sport,103,it,short,it,8-12-2021,mobile,312563,4
19-2-2023,114,economy,118,fr,short,fr,8-7-2022,pc,211527,2
26-5-2022,11,news,111,it,medium,it,23-11-2020,mobile,622996,5
11-11-2021,6,lifestyle,111,en,long,uk,14-9-2020,pc,133156,1
18-1-2021,39,weather,117,fr,medium,fr,3-8-2020,tablet,721619,4
25-5-2023,156,weather,110,en,long,uk,18-2-2022,mobile,733798,2
18-5-2023,181,lifestyle,105,en,long,uk,9-12-2020,mobile,133543,3
2-12-2022,107,sport,104,en,short,uk,14-11-2020,mobile,313899,1
12-7-2023,17,weather,119,it,long,it,2-7-2021,tablet,73226,4
6-2-2021,212,art,116,it,long,it,27-2-2020,mobile,5329,5
20-11-2023,125,art,113,fr,medium,fr,17-4-2021,mobile,521942,3
7-1-2023,51,weather,120,it,medium,it,9-7-2022,tablet,72237,3
9-1-2023,190,finance,118,fr,long,fr,28-6-2021,mobile,631786,2
7-10-2023,175,lifestyle,101,fr,short,fr,27-2-2021,tablet,111434,4
9-8-2023,229,sport,121,it,long,it,24-4-2021,mobile,332459,2
10-12-2022,203,news,117,fr,short,fr,28-3-2021,pc,61116,2
21-7-2023,119,economy,106,it,short,it,25-8-2022,tablet,212721,1
2-6-2023,184,art,117,it,long,it,11-8-2022,pc,532809,2
22-3-2023,9,news,120,en,long,uk,21-3-2021,pc,633880,1
6-2-2023,82,news,120,it,short,it,21-1-2022,pc,612245,4
9-11-2023,241,weather,109,it,short,it,11-5-2022,pc,712698,5
24-10-2023,177,weather,121,it,long,it,17-3-2022,tablet,73283,4
13-9-2023,2,finance,102,it,medium,it,6-1-2022,tablet,622798,5
2-10-2023,148,news,115,en,long,uk,24-4-2021,mobile,633372,2
9-4-2022,221,sport,103,fr,medium,fr,25-4-2021,mobile,321836,3
10-12-2023,5,economy,100,it,long,it,25-1-2022,mobile,232838,5
6-3-2023,5,news,100,it,medium,it,25-1-2022,pc,622334,1
25-4-2022,14,weather,104,fr,short,fr,14-1-2021,pc,711990,5
14-4-2023,13,art,117,fr,long,fr,22-5-2022,pc,531125,5
25-8-2021,89,weather,117,en,long,uk,2-1-2020,mobile,733563,4
14-11-2023,122,weather,119,it,short,it,17-12-2022,tablet,712575,1
13-11-2023,124,finance,116,en,medium,uk,14-9-2022,mobile,623383,4
19-7-2023,241,finance,107,it,short,it,11-5-2022,mobile,61236,5
25-11-2022,149,sport,108,en,short,uk,11-5-2020,pc,313262,5
11-8-2023,105,economy,106,fr,short,fr,25-1-2022,tablet,211669,2
4-8-2023,46,news,109,fr,medium,fr,8-5-2021,pc,621702,4
12-4-2022,40,weather,100,fr,long,fr,8-9-2021,tablet,73161,1
7-11-2022,30,finance,101,fr,long,fr,23-1-2021,tablet,631459,5
2-8-2023,47,weather,113,it,short,it,10-8-2022,tablet,712773,2
6-1-2021,209,finance,115,en,short,uk,6-7-2020,mobile,613716,5
13-10-2023,239,economy,112,en,short,uk,4-2-2020,pc,213564,1
24-11-2023,240,lifestyle,105,it,medium,it,15-1-2021,pc,122774,2
11-6-2023,222,weather,102,it,short,it,5-5-2021,pc,712991,4
12-10-2023,10,weather,106,it,long,it,5-8-2022,tablet,732893,1
10-12-2022,74,weather,113,en,long,uk,4-7-2021,pc,733989,5
20-12-2023,179,weather,111,it,short,it,13-4-2022,mobile,712656,1
9-10-2023,111,lifestyle,112,it,short,it,1-9-2020,mobile,11229,2
27-12-2023,64,lifestyle,114,it,long,it,4-11-2022,mobile,132121,3
9-9-2022,87,sport,116,en,short,uk,12-9-2021,tablet,313263,1
2-1-2022,232,weather,113,it,long,it,25-6-2021,pc,732746,3
22-9-2023,41,weather,100,en,short,uk,1-8-2021,pc,713545,5
12-7-2023,215,economy,116,it,short,it,5-5-2022,tablet,212785,4
27-1-2023,141,news,107,en,long,uk,23-5-2021,pc,633156,2
3-1-2022,11,economy,101,en,short,uk,23-11-2020,tablet,213617,4
16-3-2023,196,art,110,it,long,it,4-6-2022,mobile,53265,3
4-9-2022,221,art,122,fr,long,fr,25-4-2021,tablet,531324,4
7-9-2023,118,weather,122,fr,medium,fr,27-4-2021,mobile,721515,3
14-4-2023,90,sport,104,it,long,it,13-3-2022,pc,332297,3
23-9-2023,71,weather,108,it,short,it,10-5-2021,pc,712918,5
20-2-2022,183,lifestyle,119,en,long,uk,20-8-2021,pc,133576,2
16-3-2022,204,weather,101,en,long,uk,27-7-2021,tablet,733497,1
28-2-2023,98,weather,107,it,long,it,26-9-2020,tablet,73276,3
4-4-2023,234,weather,116,it,short,it,19-11-2021,pc,712817,5
28-1-2023,72,economy,110,it,long,it,12-10-2022,mobile,232446,5
24-8-2023,205,weather,119,fr,long,fr,22-1-2021,mobile,731383,4
18-5-2021,76,finance,105,it,short,it,14-5-2020,tablet,612595,1
18-2-2023,229,economy,120,it,long,it,24-4-2021,pc,232645,1
12-12-2022,48,weather,119,it,short,it,21-10-2020,tablet,712448,5
15-3-2023,244,news,106,fr,medium,fr,25-5-2021,tablet,621121,4
10-4-2023,207,finance,121,it,short,it,11-1-2020,tablet,61279,2
7-9-2022,6,lifestyle,110,it,short,it,14-9-2020,tablet,112469,5
12-1-2023,143,weather,114,it,short,it,22-5-2022,mobile,712686,5
9-5-2023,192,news,109,fr,medium,fr,1-5-2020,tablet,621464,4
14-4-2021,157,economy,110,it,short,it,12-2-2020,pc,212930,5
6-6-2023,169,lifestyle,113,it,medium,it,16-6-2021,tablet,12243,3
7-7-2023,130,sport,122,en,short,uk,10-2-2021,pc,313682,2
28-3-2023,132,sport,121,fr,short,fr,25-7-2022,tablet,311480,3
28-10-2021,157,weather,116,it,short,it,12-2-2020,pc,712540,1
17-12-2021,145,sport,107,fr,medium,fr,13-1-2020,tablet,321860,1
12-12-2021,206,weather,101,it,short,it,7-11-2020,pc,712275,3
15-3-2023,234,economy,113,it,short,it,19-11-2021,pc,212233,3
17-12-2023,52,weather,116,it,long,it,15-3-2022,pc,732362,5
21-2-2021,230,art,112,it,long,it,9-1-2020,tablet,532353,4
28-4-2023,178,finance,112,en,short,uk,15-6-2022,pc,613499,1
8-3-2022,219,weather,103,en,short,uk,24-12-2021,tablet,713641,3
6-4-2023,241,sport,116,fr,short,fr,11-5-2022,mobile,311745,3
24-12-2022,204,sport,108,it,medium,it,27-7-2021,mobile,322949,4
16-12-2023,208,economy,113,it,long,it,20-11-2022,pc,232921,2
6-5-2023,173,economy,103,fr,medium,fr,12-12-2021,pc,221892,3
18-4-2021,24,lifestyle,117,it,short,it,9-9-2020,tablet,112999,3
9-3-2023,13,economy,106,it,short,it,22-5-2022,mobile,212532,2
27-1-2023,30,art,105,it,long,it,23-1-2021,tablet,532485,3
6-5-2023,205,finance,101,en,long,uk,22-1-2021,mobile,633277,2
16-3-2022,219,art,115,en,short,uk,24-12-2021,tablet,513479,5
8-12-2022,239,news,106,en,short,uk,4-2-2020,tablet,613318,4
18-3-2023,83,finance,102,fr,long,fr,23-7-2020,tablet,631237,4
16-10-2022,58,art,119,it,medium,it,18-11-2021,tablet,522995,3
7-3-2022,116,finance,116,en,short,uk,9-10-2021,tablet,613204,4
17-12-2023,190,weather,104,en,short,uk,28-6-2021,tablet,713263,2
26-9-2023,109,news,113,en,long,uk,8-8-2022,tablet,633712,5
19-11-2023,21,weather,115,fr,medium,fr,11-7-2021,mobile,721302,4
7-2-2023,156,news,113,it,long,it,18-2-2022,tablet,632700,3
19-1-2022,172,sport,122,it,short,it,22-4-2020,tablet,312910,2
18-6-2021,181,news,109,it,long,it,9-12-2020,pc,632901,1
27-9-2022,74,weather,116,it,medium,it,4-7-2021,pc,722359,1
8-12-2023,45,news,122,en,long,uk,16-10-2022,mobile,633277,5
7-11-2023,15,sport,109,it,short,it,13-5-2022,tablet,31227,5
27-5-2023,215,finance,100,it,long,it,5-5-2022,mobile,632925,1
5-1-2023,163,weather,110,it,short,it,28-11-2022,mobile,712264,4
17-9-2023,41,news,116,en,short,uk,1-8-2021,mobile,613931,4
19-5-2022,69,economy,111,it,medium,it,23-8-2020,pc,222449,4
4-9-2022,199,finance,120,it,medium,it,27-7-2020,tablet,622518,2
6-5-2023,160,lifestyle,122,it,medium,it,1-1-2021,pc,12255,4
19-5-2023,18,weather,111,it,short,it,14-12-2021,tablet,712417,3
20-2-2023,200,finance,101,it,long,it,24-3-2022,tablet,632316,2
21-9-2022,44,economy,119,fr,short,fr,9-12-2020,tablet,211398,4
25-3-2023,186,sport,111,it,medium,it,12-8-2020,mobile,322923,5
13-10-2023,114,economy,112,it,long,it,8-7-2022,pc,232807,4
9-10-2023,140,sport,109,en,short,uk,3-10-2021,mobile,313276,4
20-3-2023,196,sport,103,it,medium,it,4-6-2022,tablet,322444,2
10-11-2022,145,economy,102,fr,long,fr,13-1-2020,tablet,231470,4
26-2-2022,136,lifestyle,114,fr,short,fr,7-5-2021,mobile,11123,2
13-8-2021,57,sport,120,it,long,it,11-7-2020,mobile,332311,1
25-9-2022,16,weather,117,fr,long,fr,2-4-2020,tablet,731339,2
23-9-2023,33,weather,112,it,medium,it,2-7-2022,mobile,722624,3
4-9-2023,188,sport,118,en,medium,uk,13-6-2022,mobile,323443,4
12-11-2022,46,art,101,it,long,it,8-5-2021,mobile,532523,5
4-10-2022,232,weather,117,it,medium,it,25-6-2021,tablet,72238,4
20-5-2022,73,sport,115,it,medium,it,14-11-2020,pc,322725,3
11-7-2023,15,news,112,it,long,it,13-5-2022,pc,632611,2
26-6-2023,165,economy,115,fr,short,fr,3-8-2020,tablet,211621,1
28-7-2022,93,lifestyle,112,it,short,it,4-7-2021,pc,112932,3
13-3-2021,84,weather,121,it,short,it,9-6-2020,tablet,712389,1
28-9-2023,2,news,104,en,short,uk,6-1-2022,tablet,613553,3
12-1-2022,103,sport,103,fr,medium,fr,25-3-2020,tablet,321864,2
28-2-2023,114,finance,116,en,short,uk,8-7-2022,pc,613100,1
12-9-2023,198,news,108,fr,long,fr,4-7-2021,pc,631971,3
2-2-2021,94,news,105,it,medium,it,24-3-2020,mobile,622926,4
2-7-2023,85,economy,115,it,long,it,28-3-2020,mobile,232900,5
28-12-2023,183,sport,121,it,short,it,20-8-2021,mobile,312406,3
16-12-2022,68,weather,103,it,short,it,14-12-2020,mobile,712854,1
9-3-2023,245,lifestyle,108,en,long,uk,28-11-2022,tablet,133498,4
19-10-2023,187,finance,111,it,long,it,3-5-2020,tablet,632281,1
6-4-2023,98,weather,115,en,medium,uk,26-9-2020,pc,723466,4
13-8-2021,199,economy,113,it,medium,it,27-7-2020,tablet,222319,1
24-6-2023,228,news,100,fr,long,fr,23-5-2022,pc,63131,5
27-9-2022,46,news,104,fr,long,fr,8-5-2021,pc,631441,1
15-9-2022,181,art,122,it,short,it,9-12-2020,pc,512732,2
23-10-2022,191,sport,112,en,long,uk,15-5-2021,tablet,333457,1
19-3-2023,57,finance,118,it,short,it,11-7-2020,pc,612679,4
7-8-2022,18,economy,107,en,medium,uk,14-12-2021,mobile,223558,1
16-7-2023,218,weather,104,fr,medium,fr,16-2-2021,mobile,72115,4
24-3-2023,155,art,105,it,medium,it,19-12-2022,mobile,522444,1
3-3-2022,120,news,113,en,short,uk,23-9-2021,tablet,613429,3
15-6-2023,162,weather,111,it,long,it,6-9-2022,tablet,73258,5
24-2-2022,185,economy,110,en,medium,uk,21-10-2020,mobile,223797,5
22-3-2022,103,news,113,fr,long,fr,25-3-2020,pc,631511,1
25-2-2021,49,news,105,en,medium,uk,24-10-2020,tablet,623963,5
23-8-2022,190,sport,122,en,medium,uk,28-6-2021,pc,323456,4
27-8-2023,195,weather,106,en,medium,uk,9-12-2022,tablet,723559,5
21-8-2023,12,weather,102,it,short,it,21-8-2022,mobile,712105,5
19-1-2023,13,lifestyle,120,fr,short,fr,22-5-2022,mobile,111524,1
5-8-2022,120,weather,112,it,short,it,23-9-2021,tablet,712863,1
25-1-2023,33,weather,119,it,long,it,2-7-2022,pc,732206,3
23-6-2022,150,economy,114,it,short,it,1-4-2021,pc,21266,1
24-7-2023,179,weather,110,en,long,uk,13-4-2022,pc,73364,1
23-4-2023,155,weather,119,en,long,uk,19-12-2022,mobile,733787,3
27-6-2022,180,art,107,fr,medium,fr,8-2-2021,tablet,521373,2
15-11-2022,218,sport,114,it,long,it,16-2-2021,mobile,332129,4
27-7-2023,168,sport,104,en,long,uk,15-10-2022,tablet,333958,2
28-7-2023,104,news,108,en,short,uk,11-4-2022,mobile,613742,5
11-8-2022,55,sport,121,en,short,uk,28-11-2020,pc,31330,3
21-5-2022,161,lifestyle,111,it,long,it,23-10-2021,pc,132697,1
2-10-2022,170,sport,113,fr,medium,fr,7-10-2021,mobile,32148,3
9-7-2021,226,weather,119,fr,long,fr,4-10-2020,pc,731829,5
14-5-2023,227,weather,119,it,long,it,17-2-2022,pc,732335,4
15-7-2022,113,news,112,en,medium,uk,18-1-2021,pc,623611,4
8-10-2023,151,sport,111,fr,short,fr,2-12-2020,pc,311647,3
9-12-2023,150,news,110,en,short,uk,1-4-2021,pc,613641,5
13-4-2023,97,news,117,fr,short,fr,21-5-2021,mobile,611148,1
1-2-2023,114,weather,122,en,long,uk,8-7-2022,mobile,733621,5
4-2-2023,13,economy,114,it,short,it,22-5-2022,pc,212395,2
13-4-2023,33,weather,114,fr,medium,fr,2-7-2022,tablet,721803,4
19-7-2023,106,sport,116,en,long,uk,23-12-2022,mobile,333928,2
24-5-2022,69,finance,118,en,long,uk,23-8-2020,tablet,633348,1
25-5-2023,228,weather,117,it,medium,it,23-5-2022,mobile,722540,1
13-10-2022,46,news,114,en,short,uk,8-5-2021,mobile,613969,1
20-1-2023,57,weather,113,it,short,it,11-7-2020,mobile,71234,2
28-6-2023,231,sport,121,it,short,it,3-1-2022,pc,312779,3
1-2-2022,37,finance,121,it,short,it,4-9-2021,mobile,612295,2
15-5-2023,118,economy,107,fr,long,fr,27-4-2021,pc,231353,5
1-8-2023,167,sport,101,it,short,it,27-9-2022,pc,312583,2
22-2-2022,182,finance,118,it,medium,it,14-3-2020,tablet,622797,3
25-7-2022,146,weather,119,it,medium,it,26-4-2020,pc,722425,3
26-7-2023,29,weather,110,fr,long,fr,6-7-2021,pc,731715,3
19-12-2022,102,weather,106,en,medium,uk,10-5-2021,tablet,72391,1
6-12-2023,93,weather,118,en,short,uk,4-7-2021,mobile,713778,5
25-8-2022,169,economy,122,en,long,uk,16-6-2021,pc,23394,2
9-6-2023,205,economy,120,it,long,it,22-1-2021,tablet,232259,2
27-2-2023,93,sport,114,it,short,it,4-7-2021,tablet,312109,4
14-1-2023,137,art,117,it,medium,it,1-3-2022,mobile,52246,3
6-5-2023,177,finance,116,fr,medium,fr,17-3-2022,mobile,621319,4
14-4-2023,104,weather,112,it,long,it,11-4-2022,mobile,732108,2
24-6-2022,1,sport,119,en,medium,uk,20-5-2021,tablet,323922,4
16-12-2023,72,economy,103,en,short,uk,12-10-2022,tablet,213851,5
21-9-2021,199,news,122,fr,short,fr,27-7-2020,tablet,61180,1
12-7-2022,221,art,118,fr,short,fr,25-4-2021,mobile,511813,4
20-5-2022,39,finance,115,en,medium,uk,3-8-2020,pc,623196,5
23-12-2023,51,finance,116,fr,long,fr,9-7-2022,pc,631594,5
5-8-2023,54,weather,109,it,long,it,2-5-2022,tablet,732248,2
3-9-2023,81,sport,110,en,medium,uk,23-8-2022,tablet,323901,1
18-9-2023,26,lifestyle,112,en,short,uk,20-7-2021,mobile,113121,4
22-10-2022,128,weather,104,fr,medium,fr,26-1-2021,mobile,721206,1
17-4-2023,48,finance,105,en,long,uk,21-10-2020,pc,63320,1
20-6-2022,176,weather,106,it,short,it,7-1-2021,tablet,712588,2
1-10-2022,149,weather,104,en,long,uk,11-5-2020,pc,733218,2
4-1-2023,174,sport,116,en,long,uk,12-2-2022,mobile,333948,3
11-5-2023,72,lifestyle,107,it,short,it,12-10-2022,pc,112465,5
6-9-2023,235,weather,116,en,long,uk,11-2-2021,pc,733605,1
15-4-2023,53,lifestyle,113,it,short,it,8-10-2020,mobile,112469,3
2-5-2023,151,finance,112,en,medium,uk,2-12-2020,tablet,623434,1
2-2-2021,34,weather,111,en,long,uk,10-12-2020,pc,733136,5
14-3-2021,199,finance,117,it,short,it,27-7-2020,tablet,612544,1
14-7-2023,123,economy,115,it,short,it,19-9-2021,mobile,212847,1
22-6-2023,99,lifestyle,101,fr,short,fr,20-1-2022,pc,111302,3
14-7-2022,116,weather,118,en,long,uk,9-10-2021,pc,733415,3
28-1-2023,144,weather,121,it,short,it,13-4-2020,tablet,712268,1
8-11-2022,158,weather,122,it,long,it,18-3-2020,tablet,732643,1
1-3-2021,181,lifestyle,101,en,medium,uk,9-12-2020,tablet,123846,3
27-8-2021,238,finance,111,en,long,uk,16-9-2020,tablet,633440,4
2-1-2022,152,weather,108,en,medium,uk,1-10-2021,mobile,723682,1
1-7-2023,98,art,105,fr,short,fr,26-9-2020,tablet,511197,2
12-3-2023,155,weather,107,it,long,it,19-12-2022,tablet,732830,3
28-2-2023,10,sport,120,en,medium,uk,5-8-2022,mobile,323979,1
21-12-2023,163,lifestyle,101,en,short,uk,28-11-2022,mobile,113623,4
1-10-2021,209,lifestyle,120,it,short,it,6-7-2020,pc,112793,5
18-4-2022,157,sport,106,en,medium,uk,12-2-2020,tablet,323911,2
27-7-2022,83,weather,110,en,medium,uk,23-7-2020,mobile,723599,2
4-7-2022,232,weather,121,fr,medium,fr,25-6-2021,pc,721702,5
11-1-2023,226,sport,116,en,medium,uk,4-10-2020,tablet,323489,4
22-10-2021,111,sport,121,fr,short,fr,1-9-2020,tablet,311350,5
22-12-2023,30,art,115,en,medium,uk,23-1-2021,tablet,523824,3
21-1-2022,7,economy,101,fr,medium,fr,1-9-2021,pc,221681,5
23-7-2023,146,finance,115,it,medium,it,26-4-2020,pc,622612,4
10-10-2023,118,sport,104,fr,long,fr,27-4-2021,pc,331155,2
6-1-2022,38,weather,115,it,medium,it,2-1-2021,tablet,722769,5
13-10-2023,148,weather,117,fr,short,fr,24-4-2021,pc,711374,3
23-11-2023,90,sport,115,it,long,it,13-3-2022,tablet,332489,3
5-5-2022,192,sport,122,en,medium,uk,1-5-2020,tablet,323392,3
4-5-2022,187,finance,113,it,long,it,3-5-2020,pc,632886,1
23-1-2023,2,sport,110,it,long,it,6-1-2022,pc,332118,3
4-9-2023,47,finance,121,en,medium,uk,10-8-2022,tablet,623752,4
18-6-2022,111,weather,108,en,long,uk,1-9-2020,tablet,733203,2
18-4-2023,68,weather,114,en,long,uk,14-12-2020,mobile,73364,2
18-8-2022,127,sport,113,it,medium,it,26-5-2021,tablet,322578,1
26-2-2022,115,economy,118,en,short,uk,8-1-2020,mobile,213188,4
10-10-2023,158,finance,122,en,medium,uk,18-3-2020,mobile,623923,5
23-2-2022,186,weather,111,it,long,it,12-8-2020,tablet,732303,1
19-3-2021,115,sport,113,it,medium,it,8-1-2020,mobile,32221,2
21-11-2021,84,weather,105,fr,long,fr,9-6-2020,tablet,731711,3
20-1-2021,146,weather,113,fr,long,fr,26-4-2020,mobile,731833,1
19-1-2022,49,weather,102,it,medium,it,24-10-2020,tablet,722581,4
9-12-2022,229,weather,109,it,short,it,24-4-2021,tablet,712218,3
6-12-2023,120,lifestyle,111,it,short,it,23-9-2021,pc,112475,1
1-7-2023,82,art,108,en,long,uk,21-1-2022,mobile,533263,2
1-9-2023,29,art,112,en,long,uk,6-7-2021,tablet,533334,5
6-11-2023,208,sport,121,it,short,it,20-11-2022,tablet,312833,3
8-3-2022,75,finance,101,en,short,uk,20-7-2021,tablet,613540,3
2-11-2023,40,news,100,en,short,uk,8-9-2021,mobile,613186,1
27-10-2023,79,art,114,it,short,it,12-12-2020,mobile,512174,1
13-4-2023,121,weather,104,it,short,it,3-11-2020,pc,712471,5
7-6-2022,233,weather,109,en,long,uk,11-6-2021,tablet,733790,2
1-1-2023,188,finance,118,it,long,it,13-6-2022,tablet,632953,3
4-1-2023,82,finance,100,fr,short,fr,21-1-2022,pc,61188,2
4-8-2022,199,art,101,it,long,it,27-7-2020,pc,532584,3
13-5-2022,85,weather,118,it,short,it,28-3-2020,tablet,712994,1
19-12-2023,119,finance,122,en,short,uk,25-8-2022,pc,613551,4
4-8-2023,143,weather,114,it,short,it,22-5-2022,pc,712385,4
16-9-2022,73,sport,103,it,short,it,14-11-2020,pc,31273,3
2-1-2022,149,economy,106,it,long,it,11-5-2020,mobile,232990,3
5-6-2021,73,weather,117,fr,short,fr,14-11-2020,tablet,711601,2
12-2-2023,223,news,105,fr,long,fr,1-12-2020,pc,63178,1
22-12-2022,18,weather,118,it,short,it,14-12-2021,tablet,712724,1
17-7-2023,178,weather,118,it,short,it,15-6-2022,mobile,712992,3
24-3-2021,44,lifestyle,115,en,long,uk,9-12-2020,tablet,133337,2
11-9-2023,132,sport,117,en,long,uk,25-7-2022,tablet,333217,3
20-6-2023,77,news,108,fr,medium,fr,1-6-2020,tablet,621606,5
4-2-2023,150,economy,115,it,medium,it,1-4-2021,pc,222921,4
17-9-2023,168,weather,111,en,long,uk,15-10-2022,tablet,733967,5
22-2-2023,190,art,122,fr,short,fr,28-6-2021,pc,511945,5
12-5-2023,120,sport,105,fr,short,fr,23-9-2021,tablet,311157,1
17-2-2021,187,finance,116,it,long,it,3-5-2020,mobile,632483,1
17-4-2022,29,economy,113,en,long,uk,6-7-2021,tablet,233154,1
14-11-2021,34,finance,113,it,medium,it,10-12-2020,pc,622676,4
12-2-2023,157,news,120,it,long,it,12-2-2020,tablet,632984,3
3-4-2022,211,weather,122,it,short,it,17-10-2021,mobile,712432,5
11-7-2023,39,sport,101,en,medium,uk,3-8-2020,tablet,323818,3
26-7-2021,145,finance,106,en,long,uk,13-1-2020,mobile,633861,3
20-4-2023,125,weather,121,fr,long,fr,17-4-2021,pc,731304,3
21-11-2021,151,lifestyle,110,it,long,it,2-12-2020,tablet,132103,1
23-9-2023,143,weather,106,it,medium,it,22-5-2022,tablet,722128,1
10-3-2023,196,finance,118,it,long,it,4-6-2022,pc,632249,2
12-11-2023,130,finance,122,it,long,it,10-2-2021,pc,632604,5
18-11-2022,244,weather,100,fr,long,fr,25-5-2021,pc,731818,4
7-6-2023,151,weather,106,fr,medium,fr,2-12-2020,pc,721307,2
17-9-2023,10,weather,120,it,medium,it,5-8-2022,tablet,722438,5
18-10-2023,122,sport,102,it,long,it,17-12-2022,pc,332264,5
28-8-2022,211,weather,116,en,short,uk,17-10-2021,mobile,713220,2
25-8-2023,100,news,120,en,short,uk,2-2-2022,pc,613859,3
7-9-2023,135,lifestyle,111,en,long,uk,16-8-2021,mobile,133754,5
22-11-2023,52,weather,122,fr,short,fr,15-3-2022,tablet,711866,4
19-8-2022,148,sport,120,it,short,it,24-4-2021,pc,312938,5
10-9-2023,116,weather,115,en,short,uk,9-10-2021,mobile,713915,5
11-9-2023,140,sport,118,it,medium,it,3-10-2021,tablet,322191,4
19-1-2023,160,weather,104,fr,long,fr,1-1-2021,tablet,731425,5
9-2-2023,15,economy,109,it,medium,it,13-5-2022,tablet,222240,5
24-5-2023,35,finance,105,fr,long,fr,19-7-2022,pc,631655,4
9-11-2023,72,weather,120,it,long,it,12-10-2022,tablet,732232,1
25-2-2023,211,weather,114,fr,long,fr,17-10-2021,pc,7319,5
20-9-2023,123,weather,107,en,long,uk,19-9-2021,tablet,733486,5
1-11-2022,170,art,102,en,long,uk,7-10-2021,tablet,533205,3
27-5-2022,66,news,122,en,medium,uk,19-3-2020,mobile,623838,5
20-6-2023,104,economy,106,fr,short,fr,11-4-2022,pc,21191,4
2-10-2023,195,sport,100,it,long,it,9-12-2022,mobile,332279,3
6-4-2022,113,finance,122,en,short,uk,18-1-2021,mobile,613944,4
19-11-2022,125,lifestyle,108,en,long,uk,17-4-2021,tablet,133809,5
1-7-2023,71,economy,115,it,long,it,10-5-2021,mobile,232491,5
21-6-2023,62,finance,110,en,long,uk,3-9-2022,mobile,633157,2
6-3-2023,242,finance,109,fr,medium,fr,6-10-2021,pc,621928,3
7-3-2022,189,economy,114,en,short,uk,5-6-2021,pc,21315,2
20-10-2023,169,sport,104,fr,long,fr,16-6-2021,pc,331970,1
23-10-2023,232,art,104,it,medium,it,25-6-2021,pc,522575,5
9-7-2023,100,finance,114,en,short,uk,2-2-2022,pc,6135,5
5-8-2021,226,weather,112,it,short,it,4-10-2020,mobile,712699,4
5-4-2023,47,art,111,it,short,it,10-8-2022,pc,512352,5
28-5-2023,46,economy,116,it,long,it,8-5-2021,tablet,232700,2
26-4-2022,61,finance,106,en,medium,uk,9-8-2020,pc,623229,5
26-5-2023,98,news,105,en,long,uk,26-9-2020,pc,633180,1
14-4-2023,23,lifestyle,115,it,medium,it,20-9-2021,tablet,122588,2
8-7-2022,46,economy,112,it,medium,it,8-5-2021,pc,222237,4
25-7-2022,42,lifestyle,116,en,short,uk,6-3-2021,tablet,113415,4
25-11-2021,239,sport,119,en,long,uk,4-2-2020,pc,333782,5
8-5-2023,13,weather,111,it,long,it,22-5-2022,mobile,732271,1
6-7-2022,157,weather,103,it,medium,it,12-2-2020,mobile,72294,1
25-11-2021,172,finance,122,it,medium,it,22-4-2020,pc,622992,4
14-11-2023,236,news,114,it,short,it,19-5-2022,pc,612779,5
2-9-2023,80,weather,120,it,medium,it,7-7-2021,mobile,722985,1
13-1-2022,222,lifestyle,100,fr,short,fr,5-5-2021,pc,111217,5
26-10-2022,112,lifestyle,100,it,long,it,21-5-2021,pc,132856,4
15-5-2023,22,weather,100,it,medium,it,25-1-2022,pc,722428,1
22-5-2023,241,news,102,it,long,it,11-5-2022,pc,632282,5
4-4-2022,56,weather,112,it,long,it,28-9-2020,mobile,732328,4
7-7-2023,77,weather,110,fr,long,fr,1-6-2020,tablet,731583,4
9-1-2022,206,weather,110,fr,medium,fr,7-11-2020,pc,721960,4
17-5-2023,51,sport,114,en,short,uk,9-7-2022,pc,313246,4
28-4-2023,20,weather,101,fr,long,fr,10-2-2020,tablet,731595,3
9-8-2023,173,sport,108,en,short,uk,12-12-2021,mobile,313173,3
27-11-2022,27,weather,106,fr,long,fr,12-1-2021,tablet,731489,2
14-5-2022,39,weather,119,it,short,it,3-8-2020,mobile,712344,5
1-12-2021,61,weather,114,fr,long,fr,9-8-2020,pc,731540,1
5-4-2022,113,news,110,en,long,uk,18-1-2021,pc,633511,5
18-5-2022,91,weather,109,it,long,it,2-3-2020,tablet,732391,1
13-6-2022,221,lifestyle,111,en,long,uk,25-4-2021,pc,133729,2
9-7-2023,205,news,102,en,short,uk,22-1-2021,pc,613555,3
11-9-2023,174,weather,114,en,short,uk,12-2-2022,mobile,713829,4
19-2-2021,94,weather,115,it,short,it,24-3-2020,mobile,712644,2
19-5-2022,149,finance,116,fr,long,fr,11-5-2020,tablet,631234,4
12-2-2023,155,sport,121,fr,short,fr,19-12-2022,pc,311487,1
23-7-2022,220,weather,112,en,long,uk,5-11-2021,pc,733780,3
8-10-2023,154,news,115,en,long,uk,27-6-2022,tablet,633985,4
5-12-2021,139,economy,110,fr,short,fr,28-3-2020,pc,21147,1
28-6-2023,164,economy,120,en,medium,uk,20-2-2021,pc,223662,2
5-12-2022,80,weather,106,fr,medium,fr,7-7-2021,pc,721161,1
16-9-2023,87,weather,122,fr,long,fr,12-9-2021,pc,731517,5
8-7-2023,119,weather,102,it,short,it,25-8-2022,tablet,712460,2
9-5-2023,240,news,111,en,short,uk,15-1-2021,pc,613588,1
14-5-2023,126,weather,111,it,short,it,2-3-2022,pc,712950,3
28-6-2023,13,economy,113,fr,short,fr,22-5-2022,tablet,211576,2
12-12-2023,80,weather,114,it,long,it,7-7-2021,pc,732151,4
24-2-2023,133,sport,120,en,long,uk,19-7-2022,pc,333302,2
24-4-2023,98,weather,122,en,long,uk,26-9-2020,tablet,73363,2
22-7-2023,164,finance,107,fr,short,fr,20-2-2021,tablet,611238,5
10-3-2023,33,economy,119,fr,medium,fr,2-7-2022,mobile,221158,5
26-9-2023,154,economy,121,fr,long,fr,27-6-2022,tablet,23139,1
11-11-2023,115,economy,112,en,long,uk,8-1-2020,tablet,233174,4
5-4-2023,156,finance,109,en,long,uk,18-2-2022,mobile,633857,4
25-10-2023,82,art,108,en,long,uk,21-1-2022,tablet,53394,1
8-4-2022,102,sport,103,en,long,uk,10-5-2021,tablet,333396,4
24-9-2023,21,weather,101,fr,long,fr,11-7-2021,pc,7316,5
14-10-2023,33,weather,122,fr,medium,fr,2-7-2022,pc,721392,4
26-9-2023,133,lifestyle,111,fr,short,fr,19-7-2022,pc,111173,1
15-6-2023,199,weather,119,en,long,uk,27-7-2020,tablet,733722,3
9-1-2023,142,weather,113,fr,long,fr,20-5-2022,mobile,731734,5
10-4-2023,129,news,105,fr,short,fr,10-11-2022,tablet,611121,4
20-7-2023,75,weather,108,fr,medium,fr,20-7-2021,mobile,721296,3
12-10-2023,219,sport,108,en,medium,uk,24-12-2021,tablet,323756,3
18-8-2023,32,finance,103,en,medium,uk,7-3-2022,pc,623536,3
9-9-2023,13,sport,105,fr,medium,fr,22-5-2022,pc,321505,3
5-6-2023,245,weather,100,fr,medium,fr,28-11-2022,pc,721793,3
5-12-2022,67,sport,100,fr,long,fr,1-10-2020,tablet,331909,2
12-8-2023,48,finance,116,it,medium,it,21-10-2020,tablet,622850,3
18-10-2023,71,economy,104,fr,long,fr,10-5-2021,pc,231611,1
18-10-2021,207,sport,120,en,long,uk,11-1-2020,pc,333415,4
24-10-2023,237,sport,107,it,short,it,23-3-2022,mobile,312697,2
19-4-2023,218,lifestyle,109,fr,medium,fr,16-2-2021,tablet,121640,5
24-6-2023,180,weather,117,en,short,uk,8-2-2021,pc,713516,4
10-8-2021,16,weather,107,en,long,uk,2-4-2020,tablet,733825,1
1-6-2023,241,weather,118,it,long,it,11-5-2022,tablet,732996,3
1-7-2022,209,weather,113,en,medium,uk,6-7-2020,tablet,723764,2
27-1-2021,48,weather,114,it,medium,it,21-10-2020,tablet,722526,5
6-3-2023,88,weather,113,fr,medium,fr,12-11-2022,pc,721131,4
5-2-2022,34,weather,118,en,short,uk,10-12-2020,mobile,713758,1
26-12-2022,14,art,104,it,long,it,14-1-2021,pc,532626,1
10-6-2023,64,sport,121,fr,long,fr,4-11-2022,tablet,331899,4
11-12-2023,35,sport,121,it,long,it,19-7-2022,tablet,332992,1
24-2-2022,191,news,119,en,short,uk,15-5-2021,mobile,613745,3
7-5-2022,102,economy,116,it,short,it,10-5-2021,tablet,212391,2
11-2-2023,69,news,102,fr,long,fr,23-8-2020,tablet,631990,5
15-5-2022,116,finance,107,it,long,it,9-10-2021,pc,632442,2
12-3-2023,97,weather,103,it,short,it,21-5-2021,tablet,712662,1
7-6-2023,104,weather,117,it,short,it,11-4-2022,mobile,712420,3
22-5-2022,191,finance,108,fr,short,fr,15-5-2021,pc,611366,1
23-10-2022,70,weather,111,it,long,it,3-12-2021,mobile,732837,4
6-9-2021,19,sport,107,en,short,uk,12-4-2020,tablet,313793,1
5-9-2022,141,weather,100,it,long,it,23-5-2021,mobile,73242,5
23-12-2022,6,finance,115,fr,short,fr,14-9-2020,pc,611531,2
27-7-2023,39,weather,112,it,long,it,3-8-2020,pc,732301,3
28-7-2022,181,news,110,it,long,it,9-12-2020,tablet,632862,1
22-11-2023,41,finance,107,en,medium,uk,1-8-2021,pc,623407,3
4-2-2023,219,finance,117,en,short,uk,24-12-2021,pc,613316,2
24-8-2023,8,lifestyle,113,it,medium,it,23-4-2022,tablet,122603,3
19-1-2023,2,sport,103,it,long,it,6-1-2022,tablet,332398,3
11-9-2022,209,sport,121,it,short,it,6-7-2020,pc,312991,4
5-8-2023,210,sport,114,en,medium,uk,24-9-2022,pc,323869,4
27-9-2023,14,economy,103,en,medium,uk,14-1-2021,tablet,223666,5
22-11-2021,77,weather,106,it,long,it,1-6-2020,mobile,732297,5
4-11-2023,105,news,115,it,long,it,25-1-2022,mobile,632230,2
26-9-2021,224,economy,117,it,short,it,4-6-2020,pc,212474,4
20-12-2023,92,news,107,en,short,uk,24-10-2021,pc,613798,4
6-4-2022,141,sport,121,fr,long,fr,23-5-2021,tablet,331664,1
10-6-2022,128,lifestyle,103,en,long,uk,26-1-2021,tablet,133912,5
17-1-2023,241,finance,105,it,short,it,11-5-2022,pc,61261,5
4-10-2023,162,finance,109,it,short,it,6-9-2022,tablet,612311,4
28-4-2022,80,news,113,it,short,it,7-7-2021,tablet,612214,1
4-5-2023,51,art,105,fr,long,fr,9-7-2022,pc,531180,1
1-7-2022,24,finance,119,it,short,it,9-9-2020,tablet,612382,4
11-5-2022,39,sport,104,fr,long,fr,3-8-2020,pc,331391,2
20-8-2023,177,sport,106,en,long,uk,17-3-2022,pc,333744,4
17-11-2023,14,finance,111,en,long,uk,14-1-2021,tablet,633445,5
12-3-2023,15,art,105,fr,short,fr,13-5-2022,pc,511321,2
18-9-2023,87,economy,105,it,medium,it,12-9-2021,mobile,222968,4
10-10-2022,67,weather,120,en,short,uk,1-10-2020,pc,713181,5
15-7-2023,211,weather,119,en,medium,uk,17-10-2021,tablet,72370,4
16-9-2023,18,economy,107,it,medium,it,14-12-2021,mobile,222669,2
5-10-2021,138,lifestyle,116,it,long,it,6-4-2020,mobile,132857,1
9-3-2023,98,economy,108,en,medium,uk,26-9-2020,pc,223747,1
4-4-2023,7,weather,117,it,long,it,1-9-2021,mobile,732418,2
19-6-2023,195,economy,105,it,medium,it,9-12-2022,tablet,22242,2
24-9-2023,126,art,100,en,long,uk,2-3-2022,pc,533633,3
1-11-2023,52,weather,110,en,short,uk,15-3-2022,pc,713633,3
21-5-2023,167,finance,107,it,long,it,27-9-2022,tablet,632750,1
16-3-2023,26,weather,116,en,long,uk,20-7-2021,tablet,733281,3
25-7-2023,101,sport,115,fr,short,fr,6-5-2021,tablet,311522,2